{
    "$schema": "https://schema.management.azure.com/schemas/2015-01-01/deploymentParameters.json#",
    "contentVersion": "1.0.0.0",
    "parameters": {
        "vulnerabilityAssessments_Default_storageContainerPath": {
            "value": null
        },
        "sites_ITBaseball_name": {
            "value": null
        },
        "servers_itbaseballserver_name": {
            "value": null
        },
        "serverfarms_ASP_rgkothdiwal_93da_name": {
            "value": null
        },
        "storageAccounts_storagetk1331_name": {
            "value": null
        },
        "actionGroups_Application_Insights_Smart_Detection_name": {
            "value": null
        },
        "smartdetectoralertrules_failure_anomalies___tkappins_name": {
            "value": null
        },
        "smartdetectoralertrules_failure_anomalies___itbaseball_name": {
            "value": null
        },
        "smartdetectoralertrules_failure_anomalies___dotnetappsqldb_name": {
            "value": null
        },
        "smartdetectoralertrules_failure_anomalies___itbaseball202205042233_name": {
            "value": null
        },
        "components_dotnetappsqldb_externalid": {
            "value": null
        },
        "components_itbaseball_externalid": {
            "value": null
        },
        "components_itbaseball202205042233_externalid": {
            "value": null
        },
        "components_tkappins_externalid": {
            "value": null
        }
    }
}