{
    "$schema": "https://schema.management.azure.com/schemas/2019-04-01/deploymentTemplate.json#",
    "contentVersion": "1.0.0.0",
    "parameters": {
        "vulnerabilityAssessments_Default_storageContainerPath": {
            "type": "SecureString"
        },
        "sites_ITBaseball_name": {
            "defaultValue": "ITBaseball",
            "type": "String"
        },
        "servers_itbaseballserver_name": {
            "defaultValue": "itbaseballserver",
            "type": "String"
        },
        "serverfarms_ASP_rgkothdiwal_93da_name": {
            "defaultValue": "ASP-rgkothdiwal-93da",
            "type": "String"
        },
        "storageAccounts_storagetk1331_name": {
            "defaultValue": "storagetk1331",
            "type": "String"
        },
        "actionGroups_Application_Insights_Smart_Detection_name": {
            "defaultValue": "Application Insights Smart Detection",
            "type": "String"
        },
        "smartdetectoralertrules_failure_anomalies___tkappins_name": {
            "defaultValue": "failure anomalies - tkappins",
            "type": "String"
        },
        "smartdetectoralertrules_failure_anomalies___itbaseball_name": {
            "defaultValue": "failure anomalies - itbaseball",
            "type": "String"
        },
        "smartdetectoralertrules_failure_anomalies___dotnetappsqldb_name": {
            "defaultValue": "failure anomalies - dotnetappsqldb",
            "type": "String"
        },
        "smartdetectoralertrules_failure_anomalies___itbaseball202205042233_name": {
            "defaultValue": "failure anomalies - itbaseball202205042233",
            "type": "String"
        },
        "components_dotnetappsqldb_externalid": {
            "defaultValue": "/subscriptions/e7392181-4e5c-490b-995f-395051269a90/resourceGroups/rg-kothdiwal/providers/microsoft.insights/components/dotnetappsqldb",
            "type": "String"
        },
        "components_itbaseball_externalid": {
            "defaultValue": "/subscriptions/e7392181-4e5c-490b-995f-395051269a90/resourceGroups/rg-kothdiwal/providers/microsoft.insights/components/itbaseball",
            "type": "String"
        },
        "components_itbaseball202205042233_externalid": {
            "defaultValue": "/subscriptions/e7392181-4e5c-490b-995f-395051269a90/resourceGroups/rg-kothdiwal/providers/microsoft.insights/components/itbaseball202205042233",
            "type": "String"
        },
        "components_tkappins_externalid": {
            "defaultValue": "/subscriptions/e7392181-4e5c-490b-995f-395051269a90/resourceGroups/rg-kothdiwal/providers/microsoft.insights/components/tkappins",
            "type": "String"
        }
    },
    "variables": {},
    "resources": [
        {
            "type": "microsoft.insights/actionGroups",
            "apiVersion": "2021-09-01",
            "name": "[parameters('actionGroups_Application_Insights_Smart_Detection_name')]",
            "location": "Global",
            "properties": {
                "groupShortName": "SmartDetect",
                "enabled": true,
                "emailReceivers": [],
                "smsReceivers": [],
                "webhookReceivers": [],
                "eventHubReceivers": [],
                "itsmReceivers": [],
                "azureAppPushReceivers": [],
                "automationRunbookReceivers": [],
                "voiceReceivers": [],
                "logicAppReceivers": [],
                "azureFunctionReceivers": [],
                "armRoleReceivers": [
                    {
                        "name": "Monitoring Contributor",
                        "roleId": "749f88d5-cbae-40b8-bcfc-e573ddc772fa",
                        "useCommonAlertSchema": true
                    },
                    {
                        "name": "Monitoring Reader",
                        "roleId": "43d0d8ad-25c7-4714-9337-8ba259a9fe05",
                        "useCommonAlertSchema": true
                    }
                ]
            }
        },
        {
            "type": "Microsoft.Sql/servers",
            "apiVersion": "2021-11-01-preview",
            "name": "[parameters('servers_itbaseballserver_name')]",
            "location": "eastus",
            "kind": "v12.0",
            "properties": {
                "administratorLogin": "tarekk13",
                "version": "12.0",
                "minimalTlsVersion": "1.2",
                "publicNetworkAccess": "Enabled",
                "restrictOutboundNetworkAccess": "Disabled"
            }
        },
        {
            "type": "Microsoft.Storage/storageAccounts",
            "apiVersion": "2021-09-01",
            "name": "[parameters('storageAccounts_storagetk1331_name')]",
            "location": "eastus",
            "tags": {
                "ms-resource-usage": "azure-cloud-shell"
            },
            "sku": {
                "name": "Standard_LRS",
                "tier": "Standard"
            },
            "kind": "StorageV2",
            "properties": {
                "minimumTlsVersion": "TLS1_2",
                "allowBlobPublicAccess": false,
                "networkAcls": {
                    "bypass": "AzureServices",
                    "virtualNetworkRules": [],
                    "ipRules": [],
                    "defaultAction": "Allow"
                },
                "supportsHttpsTrafficOnly": true,
                "encryption": {
                    "services": {
                        "file": {
                            "keyType": "Account",
                            "enabled": true
                        },
                        "blob": {
                            "keyType": "Account",
                            "enabled": true
                        }
                    },
                    "keySource": "Microsoft.Storage"
                },
                "accessTier": "Hot"
            }
        },
        {
            "type": "Microsoft.Web/serverfarms",
            "apiVersion": "2021-03-01",
            "name": "[parameters('serverfarms_ASP_rgkothdiwal_93da_name')]",
            "location": "East US",
            "sku": {
                "name": "S1",
                "tier": "Standard",
                "size": "S1",
                "family": "S",
                "capacity": 1
            },
            "kind": "app",
            "properties": {
                "perSiteScaling": false,
                "elasticScaleEnabled": false,
                "maximumElasticWorkerCount": 1,
                "isSpot": false,
                "reserved": false,
                "isXenon": false,
                "hyperV": false,
                "targetWorkerCount": 0,
                "targetWorkerSizeId": 0,
                "zoneRedundant": false
            }
        },
        {
            "type": "microsoft.alertsmanagement/smartdetectoralertrules",
            "apiVersion": "2021-04-01",
            "name": "[parameters('smartdetectoralertrules_failure_anomalies___dotnetappsqldb_name')]",
            "location": "global",
            "dependsOn": [
                "[resourceId('microsoft.insights/actionGroups', parameters('actionGroups_Application_Insights_Smart_Detection_name'))]"
            ],
            "properties": {
                "description": "Failure Anomalies notifies you of an unusual rise in the rate of failed HTTP requests or dependency calls.",
                "state": "Enabled",
                "severity": "Sev3",
                "frequency": "PT1M",
                "detector": {
                    "id": "FailureAnomaliesDetector"
                },
                "scope": [
                    "[parameters('components_dotnetappsqldb_externalid')]"
                ],
                "actionGroups": {
                    "groupIds": [
                        "[resourceId('microsoft.insights/actionGroups', parameters('actionGroups_Application_Insights_Smart_Detection_name'))]"
                    ]
                }
            }
        },
        {
            "type": "microsoft.alertsmanagement/smartdetectoralertrules",
            "apiVersion": "2021-04-01",
            "name": "[parameters('smartdetectoralertrules_failure_anomalies___itbaseball_name')]",
            "location": "global",
            "dependsOn": [
                "[resourceId('microsoft.insights/actionGroups', parameters('actionGroups_Application_Insights_Smart_Detection_name'))]"
            ],
            "properties": {
                "description": "Failure Anomalies notifies you of an unusual rise in the rate of failed HTTP requests or dependency calls.",
                "state": "Enabled",
                "severity": "Sev3",
                "frequency": "PT1M",
                "detector": {
                    "id": "FailureAnomaliesDetector"
                },
                "scope": [
                    "[parameters('components_itbaseball_externalid')]"
                ],
                "actionGroups": {
                    "groupIds": [
                        "[resourceId('microsoft.insights/actionGroups', parameters('actionGroups_Application_Insights_Smart_Detection_name'))]"
                    ]
                }
            }
        },
        {
            "type": "microsoft.alertsmanagement/smartdetectoralertrules",
            "apiVersion": "2021-04-01",
            "name": "[parameters('smartdetectoralertrules_failure_anomalies___itbaseball202205042233_name')]",
            "location": "global",
            "dependsOn": [
                "[resourceId('microsoft.insights/actionGroups', parameters('actionGroups_Application_Insights_Smart_Detection_name'))]"
            ],
            "properties": {
                "description": "Failure Anomalies notifies you of an unusual rise in the rate of failed HTTP requests or dependency calls.",
                "state": "Enabled",
                "severity": "Sev3",
                "frequency": "PT1M",
                "detector": {
                    "id": "FailureAnomaliesDetector"
                },
                "scope": [
                    "[parameters('components_itbaseball202205042233_externalid')]"
                ],
                "actionGroups": {
                    "groupIds": [
                        "[resourceId('microsoft.insights/actionGroups', parameters('actionGroups_Application_Insights_Smart_Detection_name'))]"
                    ]
                }
            }
        },
        {
            "type": "microsoft.alertsmanagement/smartdetectoralertrules",
            "apiVersion": "2021-04-01",
            "name": "[parameters('smartdetectoralertrules_failure_anomalies___tkappins_name')]",
            "location": "global",
            "dependsOn": [
                "[resourceId('microsoft.insights/actionGroups', parameters('actionGroups_Application_Insights_Smart_Detection_name'))]"
            ],
            "properties": {
                "description": "Failure Anomalies notifies you of an unusual rise in the rate of failed HTTP requests or dependency calls.",
                "state": "Enabled",
                "severity": "Sev3",
                "frequency": "PT1M",
                "detector": {
                    "id": "FailureAnomaliesDetector"
                },
                "scope": [
                    "[parameters('components_tkappins_externalid')]"
                ],
                "actionGroups": {
                    "groupIds": [
                        "[resourceId('microsoft.insights/actionGroups', parameters('actionGroups_Application_Insights_Smart_Detection_name'))]"
                    ]
                }
            }
        },
        {
            "type": "Microsoft.Sql/servers/advancedThreatProtectionSettings",
            "apiVersion": "2021-11-01-preview",
            "name": "[concat(parameters('servers_itbaseballserver_name'), '/Default')]",
            "dependsOn": [
                "[resourceId('Microsoft.Sql/servers', parameters('servers_itbaseballserver_name'))]"
            ],
            "properties": {
                "state": "Disabled"
            }
        },
        {
            "type": "Microsoft.Sql/servers/advisors",
            "apiVersion": "2014-04-01",
            "name": "[concat(parameters('servers_itbaseballserver_name'), '/CreateIndex')]",
            "dependsOn": [
                "[resourceId('Microsoft.Sql/servers', parameters('servers_itbaseballserver_name'))]"
            ],
            "properties": {
                "autoExecuteValue": "Disabled"
            }
        },
        {
            "type": "Microsoft.Sql/servers/advisors",
            "apiVersion": "2014-04-01",
            "name": "[concat(parameters('servers_itbaseballserver_name'), '/DbParameterization')]",
            "dependsOn": [
                "[resourceId('Microsoft.Sql/servers', parameters('servers_itbaseballserver_name'))]"
            ],
            "properties": {
                "autoExecuteValue": "Disabled"
            }
        },
        {
            "type": "Microsoft.Sql/servers/advisors",
            "apiVersion": "2014-04-01",
            "name": "[concat(parameters('servers_itbaseballserver_name'), '/DefragmentIndex')]",
            "dependsOn": [
                "[resourceId('Microsoft.Sql/servers', parameters('servers_itbaseballserver_name'))]"
            ],
            "properties": {
                "autoExecuteValue": "Disabled"
            }
        },
        {
            "type": "Microsoft.Sql/servers/advisors",
            "apiVersion": "2014-04-01",
            "name": "[concat(parameters('servers_itbaseballserver_name'), '/DropIndex')]",
            "dependsOn": [
                "[resourceId('Microsoft.Sql/servers', parameters('servers_itbaseballserver_name'))]"
            ],
            "properties": {
                "autoExecuteValue": "Disabled"
            }
        },
        {
            "type": "Microsoft.Sql/servers/advisors",
            "apiVersion": "2014-04-01",
            "name": "[concat(parameters('servers_itbaseballserver_name'), '/ForceLastGoodPlan')]",
            "dependsOn": [
                "[resourceId('Microsoft.Sql/servers', parameters('servers_itbaseballserver_name'))]"
            ],
            "properties": {
                "autoExecuteValue": "Enabled"
            }
        },
        {
            "type": "Microsoft.Sql/servers/auditingPolicies",
            "apiVersion": "2014-04-01",
            "name": "[concat(parameters('servers_itbaseballserver_name'), '/Default')]",
            "location": "East US",
            "dependsOn": [
                "[resourceId('Microsoft.Sql/servers', parameters('servers_itbaseballserver_name'))]"
            ],
            "properties": {
                "auditingState": "Disabled"
            }
        },
        {
            "type": "Microsoft.Sql/servers/auditingSettings",
            "apiVersion": "2021-11-01-preview",
            "name": "[concat(parameters('servers_itbaseballserver_name'), '/Default')]",
            "dependsOn": [
                "[resourceId('Microsoft.Sql/servers', parameters('servers_itbaseballserver_name'))]"
            ],
            "properties": {
                "retentionDays": 0,
                "auditActionsAndGroups": [],
                "isStorageSecondaryKeyInUse": false,
                "isAzureMonitorTargetEnabled": false,
                "isManagedIdentityInUse": false,
                "state": "Disabled",
                "storageAccountSubscriptionId": "00000000-0000-0000-0000-000000000000"
            }
        },
        {
            "type": "Microsoft.Sql/servers/connectionPolicies",
            "apiVersion": "2021-11-01-preview",
            "name": "[concat(parameters('servers_itbaseballserver_name'), '/default')]",
            "location": "eastus",
            "dependsOn": [
                "[resourceId('Microsoft.Sql/servers', parameters('servers_itbaseballserver_name'))]"
            ],
            "properties": {
                "connectionType": "Default"
            }
        },
        {
            "type": "Microsoft.Sql/servers/databases",
            "apiVersion": "2021-11-01-preview",
            "name": "[concat(parameters('servers_itbaseballserver_name'), '/ITBaseball2')]",
            "location": "eastus",
            "dependsOn": [
                "[resourceId('Microsoft.Sql/servers', parameters('servers_itbaseballserver_name'))]"
            ],
            "sku": {
                "name": "Basic",
                "tier": "Basic",
                "capacity": 5
            },
            "kind": "v12.0,user",
            "properties": {
                "collation": "SQL_Latin1_General_CP1_CI_AS",
                "maxSizeBytes": 2147483648,
                "catalogCollation": "SQL_Latin1_General_CP1_CI_AS",
                "zoneRedundant": false,
                "readScale": "Disabled",
                "requestedBackupStorageRedundancy": "Geo",
                "maintenanceConfigurationId": "/subscriptions/e7392181-4e5c-490b-995f-395051269a90/providers/Microsoft.Maintenance/publicMaintenanceConfigurations/SQL_Default",
                "isLedgerOn": false
            }
        },
        {
            "type": "Microsoft.Sql/servers/databases/advancedThreatProtectionSettings",
            "apiVersion": "2021-11-01-preview",
            "name": "[concat(parameters('servers_itbaseballserver_name'), '/master/Default')]",
            "dependsOn": [
                "[resourceId('Microsoft.Sql/servers', parameters('servers_itbaseballserver_name'))]"
            ],
            "properties": {
                "state": "Disabled"
            }
        },
        {
            "type": "Microsoft.Sql/servers/databases/auditingPolicies",
            "apiVersion": "2014-04-01",
            "name": "[concat(parameters('servers_itbaseballserver_name'), '/master/Default')]",
            "location": "East US",
            "dependsOn": [
                "[resourceId('Microsoft.Sql/servers', parameters('servers_itbaseballserver_name'))]"
            ],
            "properties": {
                "auditingState": "Disabled"
            }
        },
        {
            "type": "Microsoft.Sql/servers/databases/auditingSettings",
            "apiVersion": "2021-11-01-preview",
            "name": "[concat(parameters('servers_itbaseballserver_name'), '/master/Default')]",
            "dependsOn": [
                "[resourceId('Microsoft.Sql/servers', parameters('servers_itbaseballserver_name'))]"
            ],
            "properties": {
                "retentionDays": 0,
                "isAzureMonitorTargetEnabled": false,
                "state": "Disabled",
                "storageAccountSubscriptionId": "00000000-0000-0000-0000-000000000000"
            }
        },
        {
            "type": "Microsoft.Sql/servers/databases/extendedAuditingSettings",
            "apiVersion": "2021-11-01-preview",
            "name": "[concat(parameters('servers_itbaseballserver_name'), '/master/Default')]",
            "dependsOn": [
                "[resourceId('Microsoft.Sql/servers', parameters('servers_itbaseballserver_name'))]"
            ],
            "properties": {
                "retentionDays": 0,
                "isAzureMonitorTargetEnabled": false,
                "state": "Disabled",
                "storageAccountSubscriptionId": "00000000-0000-0000-0000-000000000000"
            }
        },
        {
            "type": "Microsoft.Sql/servers/databases/geoBackupPolicies",
            "apiVersion": "2014-04-01",
            "name": "[concat(parameters('servers_itbaseballserver_name'), '/master/Default')]",
            "location": "East US",
            "dependsOn": [
                "[resourceId('Microsoft.Sql/servers', parameters('servers_itbaseballserver_name'))]"
            ],
            "properties": {
                "state": "Disabled"
            }
        },
        {
            "type": "Microsoft.Sql/servers/databases/ledgerDigestUploads",
            "apiVersion": "2021-11-01-preview",
            "name": "[concat(parameters('servers_itbaseballserver_name'), '/master/Current')]",
            "dependsOn": [
                "[resourceId('Microsoft.Sql/servers', parameters('servers_itbaseballserver_name'))]"
            ],
            "properties": {}
        },
        {
            "type": "Microsoft.Sql/servers/databases/securityAlertPolicies",
            "apiVersion": "2021-11-01-preview",
            "name": "[concat(parameters('servers_itbaseballserver_name'), '/master/Default')]",
            "dependsOn": [
                "[resourceId('Microsoft.Sql/servers', parameters('servers_itbaseballserver_name'))]"
            ],
            "properties": {
                "state": "Disabled",
                "disabledAlerts": [
                    ""
                ],
                "emailAddresses": [
                    ""
                ],
                "emailAccountAdmins": false,
                "retentionDays": 0
            }
        },
        {
            "type": "Microsoft.Sql/servers/databases/transparentDataEncryption",
            "apiVersion": "2021-11-01-preview",
            "name": "[concat(parameters('servers_itbaseballserver_name'), '/master/Current')]",
            "dependsOn": [
                "[resourceId('Microsoft.Sql/servers', parameters('servers_itbaseballserver_name'))]"
            ],
            "properties": {
                "state": "Disabled"
            }
        },
        {
            "type": "Microsoft.Sql/servers/databases/vulnerabilityAssessments",
            "apiVersion": "2021-11-01-preview",
            "name": "[concat(parameters('servers_itbaseballserver_name'), '/master/Default')]",
            "dependsOn": [
                "[resourceId('Microsoft.Sql/servers', parameters('servers_itbaseballserver_name'))]"
            ],
            "properties": {
                "recurringScans": {
                    "isEnabled": false,
                    "emailSubscriptionAdmins": true
                }
            }
        },
        {
            "type": "Microsoft.Sql/servers/devOpsAuditingSettings",
            "apiVersion": "2021-11-01-preview",
            "name": "[concat(parameters('servers_itbaseballserver_name'), '/Default')]",
            "dependsOn": [
                "[resourceId('Microsoft.Sql/servers', parameters('servers_itbaseballserver_name'))]"
            ],
            "properties": {
                "isAzureMonitorTargetEnabled": false,
                "state": "Disabled",
                "storageAccountSubscriptionId": "00000000-0000-0000-0000-000000000000"
            }
        },
        {
            "type": "Microsoft.Sql/servers/encryptionProtector",
            "apiVersion": "2021-11-01-preview",
            "name": "[concat(parameters('servers_itbaseballserver_name'), '/current')]",
            "dependsOn": [
                "[resourceId('Microsoft.Sql/servers', parameters('servers_itbaseballserver_name'))]"
            ],
            "kind": "servicemanaged",
            "properties": {
                "serverKeyName": "ServiceManaged",
                "serverKeyType": "ServiceManaged",
                "autoRotationEnabled": false
            }
        },
        {
            "type": "Microsoft.Sql/servers/extendedAuditingSettings",
            "apiVersion": "2021-11-01-preview",
            "name": "[concat(parameters('servers_itbaseballserver_name'), '/Default')]",
            "dependsOn": [
                "[resourceId('Microsoft.Sql/servers', parameters('servers_itbaseballserver_name'))]"
            ],
            "properties": {
                "retentionDays": 0,
                "auditActionsAndGroups": [],
                "isStorageSecondaryKeyInUse": false,
                "isAzureMonitorTargetEnabled": false,
                "isManagedIdentityInUse": false,
                "state": "Disabled",
                "storageAccountSubscriptionId": "00000000-0000-0000-0000-000000000000"
            }
        },
        {
            "type": "Microsoft.Sql/servers/firewallRules",
            "apiVersion": "2021-11-01-preview",
            "name": "[concat(parameters('servers_itbaseballserver_name'), '/ClientIPAddress_2022-5-7_21-0-54')]",
            "dependsOn": [
                "[resourceId('Microsoft.Sql/servers', parameters('servers_itbaseballserver_name'))]"
            ]
        },
        {
            "type": "Microsoft.Sql/servers/firewallRules",
            "apiVersion": "2021-11-01-preview",
            "name": "[concat(parameters('servers_itbaseballserver_name'), '/development')]",
            "dependsOn": [
                "[resourceId('Microsoft.Sql/servers', parameters('servers_itbaseballserver_name'))]"
            ]
        },
        {
            "type": "Microsoft.Sql/servers/keys",
            "apiVersion": "2021-11-01-preview",
            "name": "[concat(parameters('servers_itbaseballserver_name'), '/ServiceManaged')]",
            "dependsOn": [
                "[resourceId('Microsoft.Sql/servers', parameters('servers_itbaseballserver_name'))]"
            ],
            "kind": "servicemanaged",
            "properties": {
                "serverKeyType": "ServiceManaged"
            }
        },
        {
            "type": "Microsoft.Sql/servers/securityAlertPolicies",
            "apiVersion": "2021-11-01-preview",
            "name": "[concat(parameters('servers_itbaseballserver_name'), '/Default')]",
            "dependsOn": [
                "[resourceId('Microsoft.Sql/servers', parameters('servers_itbaseballserver_name'))]"
            ],
            "properties": {
                "state": "Disabled",
                "disabledAlerts": [
                    ""
                ],
                "emailAddresses": [
                    ""
                ],
                "emailAccountAdmins": false,
                "retentionDays": 0
            }
        },
        {
            "type": "Microsoft.Sql/servers/vulnerabilityAssessments",
            "apiVersion": "2021-11-01-preview",
            "name": "[concat(parameters('servers_itbaseballserver_name'), '/Default')]",
            "dependsOn": [
                "[resourceId('Microsoft.Sql/servers', parameters('servers_itbaseballserver_name'))]"
            ],
            "properties": {
                "recurringScans": {
                    "isEnabled": false,
                    "emailSubscriptionAdmins": true
                },
                "storageContainerPath": "[parameters('vulnerabilityAssessments_Default_storageContainerPath')]"
            }
        },
        {
            "type": "Microsoft.Storage/storageAccounts/blobServices",
            "apiVersion": "2021-09-01",
            "name": "[concat(parameters('storageAccounts_storagetk1331_name'), '/default')]",
            "dependsOn": [
                "[resourceId('Microsoft.Storage/storageAccounts', parameters('storageAccounts_storagetk1331_name'))]"
            ],
            "sku": {
                "name": "Standard_LRS",
                "tier": "Standard"
            },
            "properties": {
                "cors": {
                    "corsRules": []
                },
                "deleteRetentionPolicy": {
                    "allowPermanentDelete": false,
                    "enabled": false
                }
            }
        },
        {
            "type": "Microsoft.Storage/storageAccounts/fileServices",
            "apiVersion": "2021-09-01",
            "name": "[concat(parameters('storageAccounts_storagetk1331_name'), '/default')]",
            "dependsOn": [
                "[resourceId('Microsoft.Storage/storageAccounts', parameters('storageAccounts_storagetk1331_name'))]"
            ],
            "sku": {
                "name": "Standard_LRS",
                "tier": "Standard"
            },
            "properties": {
                "protocolSettings": {
                    "smb": {}
                },
                "cors": {
                    "corsRules": []
                },
                "shareDeleteRetentionPolicy": {
                    "enabled": true,
                    "days": 7
                }
            }
        },
        {
            "type": "Microsoft.Storage/storageAccounts/queueServices",
            "apiVersion": "2021-09-01",
            "name": "[concat(parameters('storageAccounts_storagetk1331_name'), '/default')]",
            "dependsOn": [
                "[resourceId('Microsoft.Storage/storageAccounts', parameters('storageAccounts_storagetk1331_name'))]"
            ],
            "properties": {
                "cors": {
                    "corsRules": []
                }
            }
        },
        {
            "type": "Microsoft.Storage/storageAccounts/tableServices",
            "apiVersion": "2021-09-01",
            "name": "[concat(parameters('storageAccounts_storagetk1331_name'), '/default')]",
            "dependsOn": [
                "[resourceId('Microsoft.Storage/storageAccounts', parameters('storageAccounts_storagetk1331_name'))]"
            ],
            "properties": {
                "cors": {
                    "corsRules": []
                }
            }
        },
        {
            "type": "Microsoft.Web/sites",
            "apiVersion": "2021-03-01",
            "name": "[parameters('sites_ITBaseball_name')]",
            "location": "East US",
            "dependsOn": [
                "[resourceId('Microsoft.Web/serverfarms', parameters('serverfarms_ASP_rgkothdiwal_93da_name'))]"
            ],
            "tags": {
                "hidden-related:/subscriptions/e7392181-4e5c-490b-995f-395051269a90/resourceGroups/rg-kothdiwal/providers/Microsoft.Web/serverFarms/ASP-rgkothdiwal-93da": "empty"
            },
            "kind": "app",
            "identity": {
                "type": "SystemAssigned"
            },
            "properties": {
                "enabled": true,
                "hostNameSslStates": [
                    {
                        "name": "itbaseball.azurewebsites.net",
                        "sslState": "Disabled",
                        "hostType": "Standard"
                    },
                    {
                        "name": "itbaseball.scm.azurewebsites.net",
                        "sslState": "Disabled",
                        "hostType": "Repository"
                    }
                ],
                "serverFarmId": "[resourceId('Microsoft.Web/serverfarms', parameters('serverfarms_ASP_rgkothdiwal_93da_name'))]",
                "reserved": false,
                "isXenon": false,
                "hyperV": false,
                "siteConfig": {
                    "numberOfWorkers": 1,
                    "acrUseManagedIdentityCreds": false,
                    "alwaysOn": false,
                    "http20Enabled": false,
                    "functionAppScaleLimit": 0,
                    "minimumElasticInstanceCount": 0
                },
                "scmSiteAlsoStopped": false,
                "clientAffinityEnabled": true,
                "clientCertEnabled": false,
                "clientCertMode": "Required",
                "hostNamesDisabled": false,
                "customDomainVerificationId": "6E8674A06CEC06EE8A042B08C29D457349E91ECCFE6692E38BC77E05BE7B1B84",
                "containerSize": 0,
                "dailyMemoryTimeQuota": 0,
                "httpsOnly": true,
                "redundancyMode": "None",
                "storageAccountRequired": false,
                "keyVaultReferenceIdentity": "SystemAssigned"
            }
        },
        {
            "type": "Microsoft.Web/sites/basicPublishingCredentialsPolicies",
            "apiVersion": "2021-03-01",
            "name": "[concat(parameters('sites_ITBaseball_name'), '/ftp')]",
            "location": "East US",
            "dependsOn": [
                "[resourceId('Microsoft.Web/sites', parameters('sites_ITBaseball_name'))]"
            ],
            "tags": {
                "hidden-related:/subscriptions/e7392181-4e5c-490b-995f-395051269a90/resourceGroups/rg-kothdiwal/providers/Microsoft.Web/serverFarms/ASP-rgkothdiwal-93da": "empty"
            },
            "properties": {
                "allow": true
            }
        },
        {
            "type": "Microsoft.Web/sites/basicPublishingCredentialsPolicies",
            "apiVersion": "2021-03-01",
            "name": "[concat(parameters('sites_ITBaseball_name'), '/scm')]",
            "location": "East US",
            "dependsOn": [
                "[resourceId('Microsoft.Web/sites', parameters('sites_ITBaseball_name'))]"
            ],
            "tags": {
                "hidden-related:/subscriptions/e7392181-4e5c-490b-995f-395051269a90/resourceGroups/rg-kothdiwal/providers/Microsoft.Web/serverFarms/ASP-rgkothdiwal-93da": "empty"
            },
            "properties": {
                "allow": true
            }
        },
        {
            "type": "Microsoft.Web/sites/config",
            "apiVersion": "2021-03-01",
            "name": "[concat(parameters('sites_ITBaseball_name'), '/web')]",
            "location": "East US",
            "dependsOn": [
                "[resourceId('Microsoft.Web/sites', parameters('sites_ITBaseball_name'))]"
            ],
            "tags": {
                "hidden-related:/subscriptions/e7392181-4e5c-490b-995f-395051269a90/resourceGroups/rg-kothdiwal/providers/Microsoft.Web/serverFarms/ASP-rgkothdiwal-93da": "empty"
            },
            "properties": {
                "numberOfWorkers": 1,
                "defaultDocuments": [
                    "Default.htm",
                    "Default.html",
                    "Default.asp",
                    "index.htm",
                    "index.html",
                    "iisstart.htm",
                    "default.aspx",
                    "index.php",
                    "hostingstart.html"
                ],
                "netFrameworkVersion": "v6.0",
                "phpVersion": "5.6",
                "requestTracingEnabled": false,
                "remoteDebuggingEnabled": false,
                "httpLoggingEnabled": false,
                "acrUseManagedIdentityCreds": false,
                "logsDirectorySizeLimit": 35,
                "detailedErrorLoggingEnabled": false,
                "publishingUsername": "$ITBaseball",
                "scmType": "GitHubAction",
                "use32BitWorkerProcess": true,
                "webSocketsEnabled": false,
                "alwaysOn": false,
                "managedPipelineMode": "Integrated",
                "virtualApplications": [
                    {
                        "virtualPath": "/",
                        "physicalPath": "site\\wwwroot",
                        "preloadEnabled": false
                    }
                ],
                "loadBalancing": "LeastRequests",
                "experiments": {
                    "rampUpRules": []
                },
                "autoHealEnabled": false,
                "vnetRouteAllEnabled": false,
                "vnetPrivatePortsCount": 0,
                "localMySqlEnabled": false,
                "managedServiceIdentityId": 5806,
                "ipSecurityRestrictions": [
                    {
                        "ipAddress": "Any",
                        "action": "Allow",
                        "priority": 1,
                        "name": "Allow all",
                        "description": "Allow all access"
                    }
                ],
                "scmIpSecurityRestrictions": [
                    {
                        "ipAddress": "Any",
                        "action": "Allow",
                        "priority": 1,
                        "name": "Allow all",
                        "description": "Allow all access"
                    }
                ],
                "scmIpSecurityRestrictionsUseMain": false,
                "http20Enabled": false,
                "minTlsVersion": "1.2",
                "scmMinTlsVersion": "1.0",
                "ftpsState": "FtpsOnly",
                "preWarmedInstanceCount": 0,
                "functionAppScaleLimit": 0,
                "functionsRuntimeScaleMonitoringEnabled": false,
                "minimumElasticInstanceCount": 0,
                "azureStorageAccounts": {}
            }
        },
        {
            "type": "Microsoft.Web/sites/hostNameBindings",
            "apiVersion": "2021-03-01",
            "name": "[concat(parameters('sites_ITBaseball_name'), '/', parameters('sites_ITBaseball_name'), '.azurewebsites.net')]",
            "location": "East US",
            "dependsOn": [
                "[resourceId('Microsoft.Web/sites', parameters('sites_ITBaseball_name'))]"
            ],
            "properties": {
                "siteName": "ITBaseball",
                "hostNameType": "Verified"
            }
        },
        {
            "type": "Microsoft.Web/sites/siteextensions",
            "apiVersion": "2021-03-01",
            "name": "[concat(parameters('sites_ITBaseball_name'), '/Microsoft.AspNetCore.AzureAppServices.SiteExtension')]",
            "location": "East US",
            "dependsOn": [
                "[resourceId('Microsoft.Web/sites', parameters('sites_ITBaseball_name'))]"
            ]
        },
        {
            "type": "Microsoft.Web/sites/snapshots",
            "apiVersion": "2015-08-01",
            "name": "[concat(parameters('sites_ITBaseball_name'), '/2022-05-08T02_58_49_5417008')]",
            "dependsOn": [
                "[resourceId('Microsoft.Web/sites', parameters('sites_ITBaseball_name'))]"
            ]
        },
        {
            "type": "Microsoft.Web/sites/snapshots",
            "apiVersion": "2015-08-01",
            "name": "[concat(parameters('sites_ITBaseball_name'), '/2022-05-08T05_58_50_4225016')]",
            "dependsOn": [
                "[resourceId('Microsoft.Web/sites', parameters('sites_ITBaseball_name'))]"
            ]
        },
        {
            "type": "Microsoft.Web/sites/snapshots",
            "apiVersion": "2015-08-01",
            "name": "[concat(parameters('sites_ITBaseball_name'), '/2022-05-08T08_58_51_2741378')]",
            "dependsOn": [
                "[resourceId('Microsoft.Web/sites', parameters('sites_ITBaseball_name'))]"
            ]
        },
        {
            "type": "Microsoft.Web/sites/snapshots",
            "apiVersion": "2015-08-01",
            "name": "[concat(parameters('sites_ITBaseball_name'), '/2022-05-08T11_58_52_1478973')]",
            "dependsOn": [
                "[resourceId('Microsoft.Web/sites', parameters('sites_ITBaseball_name'))]"
            ]
        },
        {
            "type": "Microsoft.Web/sites/snapshots",
            "apiVersion": "2015-08-01",
            "name": "[concat(parameters('sites_ITBaseball_name'), '/2022-05-08T14_58_53_0425325')]",
            "dependsOn": [
                "[resourceId('Microsoft.Web/sites', parameters('sites_ITBaseball_name'))]"
            ]
        },
        {
            "type": "Microsoft.Web/sites/snapshots",
            "apiVersion": "2015-08-01",
            "name": "[concat(parameters('sites_ITBaseball_name'), '/2022-05-08T17_58_53_9184960')]",
            "dependsOn": [
                "[resourceId('Microsoft.Web/sites', parameters('sites_ITBaseball_name'))]"
            ]
        },
        {
            "type": "Microsoft.Web/sites/snapshots",
            "apiVersion": "2015-08-01",
            "name": "[concat(parameters('sites_ITBaseball_name'), '/2022-05-08T23_58_55_6873195')]",
            "dependsOn": [
                "[resourceId('Microsoft.Web/sites', parameters('sites_ITBaseball_name'))]"
            ]
        },
        {
            "type": "Microsoft.Web/sites/snapshots",
            "apiVersion": "2015-08-01",
            "name": "[concat(parameters('sites_ITBaseball_name'), '/2022-05-09T02_58_56_5423554')]",
            "dependsOn": [
                "[resourceId('Microsoft.Web/sites', parameters('sites_ITBaseball_name'))]"
            ]
        },
        {
            "type": "Microsoft.Web/sites/snapshots",
            "apiVersion": "2015-08-01",
            "name": "[concat(parameters('sites_ITBaseball_name'), '/2022-05-09T05_58_57_4561888')]",
            "dependsOn": [
                "[resourceId('Microsoft.Web/sites', parameters('sites_ITBaseball_name'))]"
            ]
        },
        {
            "type": "Microsoft.Web/sites/snapshots",
            "apiVersion": "2015-08-01",
            "name": "[concat(parameters('sites_ITBaseball_name'), '/2022-05-09T08_58_58_2918989')]",
            "dependsOn": [
                "[resourceId('Microsoft.Web/sites', parameters('sites_ITBaseball_name'))]"
            ]
        },
        {
            "type": "Microsoft.Web/sites/snapshots",
            "apiVersion": "2015-08-01",
            "name": "[concat(parameters('sites_ITBaseball_name'), '/2022-05-09T11_58_59_1754674')]",
            "dependsOn": [
                "[resourceId('Microsoft.Web/sites', parameters('sites_ITBaseball_name'))]"
            ]
        },
        {
            "type": "Microsoft.Web/sites/snapshots",
            "apiVersion": "2015-08-01",
            "name": "[concat(parameters('sites_ITBaseball_name'), '/2022-05-09T14_59_00_0629516')]",
            "dependsOn": [
                "[resourceId('Microsoft.Web/sites', parameters('sites_ITBaseball_name'))]"
            ]
        },
        {
            "type": "Microsoft.Web/sites/snapshots",
            "apiVersion": "2015-08-01",
            "name": "[concat(parameters('sites_ITBaseball_name'), '/2022-05-09T17_59_00_8960460')]",
            "dependsOn": [
                "[resourceId('Microsoft.Web/sites', parameters('sites_ITBaseball_name'))]"
            ]
        },
        {
            "type": "Microsoft.Web/sites/snapshots",
            "apiVersion": "2015-08-01",
            "name": "[concat(parameters('sites_ITBaseball_name'), '/2022-05-09T21_59_02_0654598')]",
            "dependsOn": [
                "[resourceId('Microsoft.Web/sites', parameters('sites_ITBaseball_name'))]"
            ]
        },
        {
            "type": "Microsoft.Web/sites/snapshots",
            "apiVersion": "2015-08-01",
            "name": "[concat(parameters('sites_ITBaseball_name'), '/2022-05-09T22_59_02_3499151')]",
            "dependsOn": [
                "[resourceId('Microsoft.Web/sites', parameters('sites_ITBaseball_name'))]"
            ]
        },
        {
            "type": "Microsoft.Web/sites/snapshots",
            "apiVersion": "2015-08-01",
            "name": "[concat(parameters('sites_ITBaseball_name'), '/2022-05-09T23_59_02_6443180')]",
            "dependsOn": [
                "[resourceId('Microsoft.Web/sites', parameters('sites_ITBaseball_name'))]"
            ]
        },
        {
            "type": "Microsoft.Web/sites/snapshots",
            "apiVersion": "2015-08-01",
            "name": "[concat(parameters('sites_ITBaseball_name'), '/2022-05-10T00_59_02_9266817')]",
            "dependsOn": [
                "[resourceId('Microsoft.Web/sites', parameters('sites_ITBaseball_name'))]"
            ]
        },
        {
            "type": "Microsoft.Web/sites/snapshots",
            "apiVersion": "2015-08-01",
            "name": "[concat(parameters('sites_ITBaseball_name'), '/2022-05-10T01_59_03_2192366')]",
            "dependsOn": [
                "[resourceId('Microsoft.Web/sites', parameters('sites_ITBaseball_name'))]"
            ]
        },
        {
            "type": "Microsoft.Web/sites/snapshots",
            "apiVersion": "2015-08-01",
            "name": "[concat(parameters('sites_ITBaseball_name'), '/2022-05-10T02_59_03_5065845')]",
            "dependsOn": [
                "[resourceId('Microsoft.Web/sites', parameters('sites_ITBaseball_name'))]"
            ]
        },
        {
            "type": "Microsoft.Web/sites/snapshots",
            "apiVersion": "2015-08-01",
            "name": "[concat(parameters('sites_ITBaseball_name'), '/2022-05-10T03_59_03_8028008')]",
            "dependsOn": [
                "[resourceId('Microsoft.Web/sites', parameters('sites_ITBaseball_name'))]"
            ]
        },
        {
            "type": "Microsoft.Web/sites/snapshots",
            "apiVersion": "2015-08-01",
            "name": "[concat(parameters('sites_ITBaseball_name'), '/2022-05-10T04_59_04_0913439')]",
            "dependsOn": [
                "[resourceId('Microsoft.Web/sites', parameters('sites_ITBaseball_name'))]"
            ]
        },
        {
            "type": "Microsoft.Web/sites/snapshots",
            "apiVersion": "2015-08-01",
            "name": "[concat(parameters('sites_ITBaseball_name'), '/2022-05-10T05_59_04_3726168')]",
            "dependsOn": [
                "[resourceId('Microsoft.Web/sites', parameters('sites_ITBaseball_name'))]"
            ]
        },
        {
            "type": "Microsoft.Web/sites/snapshots",
            "apiVersion": "2015-08-01",
            "name": "[concat(parameters('sites_ITBaseball_name'), '/2022-05-10T06_59_04_6519880')]",
            "dependsOn": [
                "[resourceId('Microsoft.Web/sites', parameters('sites_ITBaseball_name'))]"
            ]
        },
        {
            "type": "Microsoft.Web/sites/snapshots",
            "apiVersion": "2015-08-01",
            "name": "[concat(parameters('sites_ITBaseball_name'), '/2022-05-10T07_59_04_9605646')]",
            "dependsOn": [
                "[resourceId('Microsoft.Web/sites', parameters('sites_ITBaseball_name'))]"
            ]
        },
        {
            "type": "Microsoft.Web/sites/snapshots",
            "apiVersion": "2015-08-01",
            "name": "[concat(parameters('sites_ITBaseball_name'), '/2022-05-10T08_59_05_2450724')]",
            "dependsOn": [
                "[resourceId('Microsoft.Web/sites', parameters('sites_ITBaseball_name'))]"
            ]
        },
        {
            "type": "Microsoft.Web/sites/snapshots",
            "apiVersion": "2015-08-01",
            "name": "[concat(parameters('sites_ITBaseball_name'), '/2022-05-10T09_59_05_5804464')]",
            "dependsOn": [
                "[resourceId('Microsoft.Web/sites', parameters('sites_ITBaseball_name'))]"
            ]
        },
        {
            "type": "Microsoft.Web/sites/snapshots",
            "apiVersion": "2015-08-01",
            "name": "[concat(parameters('sites_ITBaseball_name'), '/2022-05-10T10_59_05_8298433')]",
            "dependsOn": [
                "[resourceId('Microsoft.Web/sites', parameters('sites_ITBaseball_name'))]"
            ]
        },
        {
            "type": "Microsoft.Web/sites/snapshots",
            "apiVersion": "2015-08-01",
            "name": "[concat(parameters('sites_ITBaseball_name'), '/2022-05-10T11_59_06_1842419')]",
            "dependsOn": [
                "[resourceId('Microsoft.Web/sites', parameters('sites_ITBaseball_name'))]"
            ]
        },
        {
            "type": "Microsoft.Web/sites/snapshots",
            "apiVersion": "2015-08-01",
            "name": "[concat(parameters('sites_ITBaseball_name'), '/2022-05-10T12_59_06_4266988')]",
            "dependsOn": [
                "[resourceId('Microsoft.Web/sites', parameters('sites_ITBaseball_name'))]"
            ]
        },
        {
            "type": "Microsoft.Web/sites/snapshots",
            "apiVersion": "2015-08-01",
            "name": "[concat(parameters('sites_ITBaseball_name'), '/2022-05-10T13_59_06_8425249')]",
            "dependsOn": [
                "[resourceId('Microsoft.Web/sites', parameters('sites_ITBaseball_name'))]"
            ]
        },
        {
            "type": "Microsoft.Web/sites/snapshots",
            "apiVersion": "2015-08-01",
            "name": "[concat(parameters('sites_ITBaseball_name'), '/2022-05-10T14_59_07_1308681')]",
            "dependsOn": [
                "[resourceId('Microsoft.Web/sites', parameters('sites_ITBaseball_name'))]"
            ]
        },
        {
            "type": "Microsoft.Web/sites/snapshots",
            "apiVersion": "2015-08-01",
            "name": "[concat(parameters('sites_ITBaseball_name'), '/2022-05-10T15_59_07_4104071')]",
            "dependsOn": [
                "[resourceId('Microsoft.Web/sites', parameters('sites_ITBaseball_name'))]"
            ]
        },
        {
            "type": "Microsoft.Web/sites/snapshots",
            "apiVersion": "2015-08-01",
            "name": "[concat(parameters('sites_ITBaseball_name'), '/2022-05-10T16_59_07_6938543')]",
            "dependsOn": [
                "[resourceId('Microsoft.Web/sites', parameters('sites_ITBaseball_name'))]"
            ]
        },
        {
            "type": "Microsoft.Web/sites/snapshots",
            "apiVersion": "2015-08-01",
            "name": "[concat(parameters('sites_ITBaseball_name'), '/2022-05-10T17_59_08_0018950')]",
            "dependsOn": [
                "[resourceId('Microsoft.Web/sites', parameters('sites_ITBaseball_name'))]"
            ]
        },
        {
            "type": "Microsoft.Web/sites/snapshots",
            "apiVersion": "2015-08-01",
            "name": "[concat(parameters('sites_ITBaseball_name'), '/2022-05-10T18_59_08_2852800')]",
            "dependsOn": [
                "[resourceId('Microsoft.Web/sites', parameters('sites_ITBaseball_name'))]"
            ]
        },
        {
            "type": "Microsoft.Web/sites/snapshots",
            "apiVersion": "2015-08-01",
            "name": "[concat(parameters('sites_ITBaseball_name'), '/2022-05-10T19_59_08_5989045')]",
            "dependsOn": [
                "[resourceId('Microsoft.Web/sites', parameters('sites_ITBaseball_name'))]"
            ]
        },
        {
            "type": "Microsoft.Web/sites/snapshots",
            "apiVersion": "2015-08-01",
            "name": "[concat(parameters('sites_ITBaseball_name'), '/2022-05-10T20_59_08_8722021')]",
            "dependsOn": [
                "[resourceId('Microsoft.Web/sites', parameters('sites_ITBaseball_name'))]"
            ]
        },
        {
            "type": "Microsoft.Web/sites/snapshots",
            "apiVersion": "2015-08-01",
            "name": "[concat(parameters('sites_ITBaseball_name'), '/2022-05-10T21_59_09_1625191')]",
            "dependsOn": [
                "[resourceId('Microsoft.Web/sites', parameters('sites_ITBaseball_name'))]"
            ]
        },
        {
            "type": "Microsoft.Web/sites/snapshots",
            "apiVersion": "2015-08-01",
            "name": "[concat(parameters('sites_ITBaseball_name'), '/2022-05-10T22_59_09_4649362')]",
            "dependsOn": [
                "[resourceId('Microsoft.Web/sites', parameters('sites_ITBaseball_name'))]"
            ]
        },
        {
            "type": "Microsoft.Web/sites/snapshots",
            "apiVersion": "2015-08-01",
            "name": "[concat(parameters('sites_ITBaseball_name'), '/2022-05-10T23_59_09_7633895')]",
            "dependsOn": [
                "[resourceId('Microsoft.Web/sites', parameters('sites_ITBaseball_name'))]"
            ]
        },
        {
            "type": "Microsoft.Web/sites/snapshots",
            "apiVersion": "2015-08-01",
            "name": "[concat(parameters('sites_ITBaseball_name'), '/2022-05-11T00_59_10_0586674')]",
            "dependsOn": [
                "[resourceId('Microsoft.Web/sites', parameters('sites_ITBaseball_name'))]"
            ]
        },
        {
            "type": "Microsoft.Web/sites/snapshots",
            "apiVersion": "2015-08-01",
            "name": "[concat(parameters('sites_ITBaseball_name'), '/2022-05-11T01_59_10_3479104')]",
            "dependsOn": [
                "[resourceId('Microsoft.Web/sites', parameters('sites_ITBaseball_name'))]"
            ]
        },
        {
            "type": "Microsoft.Web/sites/snapshots",
            "apiVersion": "2015-08-01",
            "name": "[concat(parameters('sites_ITBaseball_name'), '/2022-05-11T02_59_10_6305811')]",
            "dependsOn": [
                "[resourceId('Microsoft.Web/sites', parameters('sites_ITBaseball_name'))]"
            ]
        },
        {
            "type": "Microsoft.Web/sites/snapshots",
            "apiVersion": "2015-08-01",
            "name": "[concat(parameters('sites_ITBaseball_name'), '/2022-05-11T03_59_10_9198988')]",
            "dependsOn": [
                "[resourceId('Microsoft.Web/sites', parameters('sites_ITBaseball_name'))]"
            ]
        },
        {
            "type": "Microsoft.Web/sites/snapshots",
            "apiVersion": "2015-08-01",
            "name": "[concat(parameters('sites_ITBaseball_name'), '/2022-05-11T04_59_11_2362317')]",
            "dependsOn": [
                "[resourceId('Microsoft.Web/sites', parameters('sites_ITBaseball_name'))]"
            ]
        },
        {
            "type": "Microsoft.Web/sites/snapshots",
            "apiVersion": "2015-08-01",
            "name": "[concat(parameters('sites_ITBaseball_name'), '/2022-05-11T05_59_12_1421850')]",
            "dependsOn": [
                "[resourceId('Microsoft.Web/sites', parameters('sites_ITBaseball_name'))]"
            ]
        },
        {
            "type": "Microsoft.Web/sites/snapshots",
            "apiVersion": "2015-08-01",
            "name": "[concat(parameters('sites_ITBaseball_name'), '/2022-05-11T06_59_12_4615553')]",
            "dependsOn": [
                "[resourceId('Microsoft.Web/sites', parameters('sites_ITBaseball_name'))]"
            ]
        },
        {
            "type": "Microsoft.Web/sites/snapshots",
            "apiVersion": "2015-08-01",
            "name": "[concat(parameters('sites_ITBaseball_name'), '/2022-05-11T07_59_12_7159153')]",
            "dependsOn": [
                "[resourceId('Microsoft.Web/sites', parameters('sites_ITBaseball_name'))]"
            ]
        },
        {
            "type": "Microsoft.Web/sites/snapshots",
            "apiVersion": "2015-08-01",
            "name": "[concat(parameters('sites_ITBaseball_name'), '/2022-05-11T08_59_12_9983850')]",
            "dependsOn": [
                "[resourceId('Microsoft.Web/sites', parameters('sites_ITBaseball_name'))]"
            ]
        },
        {
            "type": "Microsoft.Web/sites/snapshots",
            "apiVersion": "2015-08-01",
            "name": "[concat(parameters('sites_ITBaseball_name'), '/2022-05-11T09_59_13_2857411')]",
            "dependsOn": [
                "[resourceId('Microsoft.Web/sites', parameters('sites_ITBaseball_name'))]"
            ]
        },
        {
            "type": "Microsoft.Web/sites/snapshots",
            "apiVersion": "2015-08-01",
            "name": "[concat(parameters('sites_ITBaseball_name'), '/2022-05-11T10_59_13_5843173')]",
            "dependsOn": [
                "[resourceId('Microsoft.Web/sites', parameters('sites_ITBaseball_name'))]"
            ]
        },
        {
            "type": "Microsoft.Web/sites/snapshots",
            "apiVersion": "2015-08-01",
            "name": "[concat(parameters('sites_ITBaseball_name'), '/2022-05-11T11_59_13_8723630')]",
            "dependsOn": [
                "[resourceId('Microsoft.Web/sites', parameters('sites_ITBaseball_name'))]"
            ]
        },
        {
            "type": "Microsoft.Web/sites/snapshots",
            "apiVersion": "2015-08-01",
            "name": "[concat(parameters('sites_ITBaseball_name'), '/2022-05-11T12_59_14_1462154')]",
            "dependsOn": [
                "[resourceId('Microsoft.Web/sites', parameters('sites_ITBaseball_name'))]"
            ]
        },
        {
            "type": "Microsoft.Web/sites/snapshots",
            "apiVersion": "2015-08-01",
            "name": "[concat(parameters('sites_ITBaseball_name'), '/2022-05-11T13_59_14_4279449')]",
            "dependsOn": [
                "[resourceId('Microsoft.Web/sites', parameters('sites_ITBaseball_name'))]"
            ]
        },
        {
            "type": "Microsoft.Web/sites/snapshots",
            "apiVersion": "2015-08-01",
            "name": "[concat(parameters('sites_ITBaseball_name'), '/2022-05-11T14_59_14_7231847')]",
            "dependsOn": [
                "[resourceId('Microsoft.Web/sites', parameters('sites_ITBaseball_name'))]"
            ]
        },
        {
            "type": "Microsoft.Web/sites/snapshots",
            "apiVersion": "2015-08-01",
            "name": "[concat(parameters('sites_ITBaseball_name'), '/2022-05-11T15_59_15_0146386')]",
            "dependsOn": [
                "[resourceId('Microsoft.Web/sites', parameters('sites_ITBaseball_name'))]"
            ]
        },
        {
            "type": "Microsoft.Web/sites/snapshots",
            "apiVersion": "2015-08-01",
            "name": "[concat(parameters('sites_ITBaseball_name'), '/2022-05-11T16_59_15_2980798')]",
            "dependsOn": [
                "[resourceId('Microsoft.Web/sites', parameters('sites_ITBaseball_name'))]"
            ]
        },
        {
            "type": "Microsoft.Web/sites/snapshots",
            "apiVersion": "2015-08-01",
            "name": "[concat(parameters('sites_ITBaseball_name'), '/2022-05-11T17_59_15_6037057')]",
            "dependsOn": [
                "[resourceId('Microsoft.Web/sites', parameters('sites_ITBaseball_name'))]"
            ]
        },
        {
            "type": "Microsoft.Web/sites/snapshots",
            "apiVersion": "2015-08-01",
            "name": "[concat(parameters('sites_ITBaseball_name'), '/2022-05-11T18_59_15_8880077')]",
            "dependsOn": [
                "[resourceId('Microsoft.Web/sites', parameters('sites_ITBaseball_name'))]"
            ]
        },
        {
            "type": "Microsoft.Web/sites/snapshots",
            "apiVersion": "2015-08-01",
            "name": "[concat(parameters('sites_ITBaseball_name'), '/2022-05-11T19_59_16_1997451')]",
            "dependsOn": [
                "[resourceId('Microsoft.Web/sites', parameters('sites_ITBaseball_name'))]"
            ]
        },
        {
            "type": "Microsoft.Web/sites/snapshots",
            "apiVersion": "2015-08-01",
            "name": "[concat(parameters('sites_ITBaseball_name'), '/2022-05-11T20_59_16_4809871')]",
            "dependsOn": [
                "[resourceId('Microsoft.Web/sites', parameters('sites_ITBaseball_name'))]"
            ]
        },
        {
            "type": "Microsoft.Web/sites/snapshots",
            "apiVersion": "2015-08-01",
            "name": "[concat(parameters('sites_ITBaseball_name'), '/2022-05-11T21_59_16_7686138')]",
            "dependsOn": [
                "[resourceId('Microsoft.Web/sites', parameters('sites_ITBaseball_name'))]"
            ]
        },
        {
            "type": "Microsoft.Web/sites/snapshots",
            "apiVersion": "2015-08-01",
            "name": "[concat(parameters('sites_ITBaseball_name'), '/2022-05-11T22_59_17_0848856')]",
            "dependsOn": [
                "[resourceId('Microsoft.Web/sites', parameters('sites_ITBaseball_name'))]"
            ]
        },
        {
            "type": "Microsoft.Web/sites/snapshots",
            "apiVersion": "2015-08-01",
            "name": "[concat(parameters('sites_ITBaseball_name'), '/2022-05-11T23_59_17_3395403')]",
            "dependsOn": [
                "[resourceId('Microsoft.Web/sites', parameters('sites_ITBaseball_name'))]"
            ]
        },
        {
            "type": "Microsoft.Web/sites/snapshots",
            "apiVersion": "2015-08-01",
            "name": "[concat(parameters('sites_ITBaseball_name'), '/2022-05-12T00_59_17_6362599')]",
            "dependsOn": [
                "[resourceId('Microsoft.Web/sites', parameters('sites_ITBaseball_name'))]"
            ]
        },
        {
            "type": "Microsoft.Web/sites/snapshots",
            "apiVersion": "2015-08-01",
            "name": "[concat(parameters('sites_ITBaseball_name'), '/2022-05-12T01_59_17_9237400')]",
            "dependsOn": [
                "[resourceId('Microsoft.Web/sites', parameters('sites_ITBaseball_name'))]"
            ]
        },
        {
            "type": "Microsoft.Web/sites/snapshots",
            "apiVersion": "2015-08-01",
            "name": "[concat(parameters('sites_ITBaseball_name'), '/2022-05-12T02_59_18_2113540')]",
            "dependsOn": [
                "[resourceId('Microsoft.Web/sites', parameters('sites_ITBaseball_name'))]"
            ]
        },
        {
            "type": "Microsoft.Web/sites/snapshots",
            "apiVersion": "2015-08-01",
            "name": "[concat(parameters('sites_ITBaseball_name'), '/2022-05-12T03_59_18_5049491')]",
            "dependsOn": [
                "[resourceId('Microsoft.Web/sites', parameters('sites_ITBaseball_name'))]"
            ]
        },
        {
            "type": "Microsoft.Web/sites/snapshots",
            "apiVersion": "2015-08-01",
            "name": "[concat(parameters('sites_ITBaseball_name'), '/2022-05-12T04_59_18_7816366')]",
            "dependsOn": [
                "[resourceId('Microsoft.Web/sites', parameters('sites_ITBaseball_name'))]"
            ]
        },
        {
            "type": "Microsoft.Web/sites/snapshots",
            "apiVersion": "2015-08-01",
            "name": "[concat(parameters('sites_ITBaseball_name'), '/2022-05-12T05_59_19_0892300')]",
            "dependsOn": [
                "[resourceId('Microsoft.Web/sites', parameters('sites_ITBaseball_name'))]"
            ]
        },
        {
            "type": "Microsoft.Web/sites/snapshots",
            "apiVersion": "2015-08-01",
            "name": "[concat(parameters('sites_ITBaseball_name'), '/2022-05-12T06_59_19_3739629')]",
            "dependsOn": [
                "[resourceId('Microsoft.Web/sites', parameters('sites_ITBaseball_name'))]"
            ]
        },
        {
            "type": "Microsoft.Web/sites/snapshots",
            "apiVersion": "2015-08-01",
            "name": "[concat(parameters('sites_ITBaseball_name'), '/2022-05-12T07_59_19_6547489')]",
            "dependsOn": [
                "[resourceId('Microsoft.Web/sites', parameters('sites_ITBaseball_name'))]"
            ]
        },
        {
            "type": "Microsoft.Web/sites/snapshots",
            "apiVersion": "2015-08-01",
            "name": "[concat(parameters('sites_ITBaseball_name'), '/2022-05-12T08_59_19_9481317')]",
            "dependsOn": [
                "[resourceId('Microsoft.Web/sites', parameters('sites_ITBaseball_name'))]"
            ]
        },
        {
            "type": "Microsoft.Web/sites/snapshots",
            "apiVersion": "2015-08-01",
            "name": "[concat(parameters('sites_ITBaseball_name'), '/2022-05-12T09_59_20_2391677')]",
            "dependsOn": [
                "[resourceId('Microsoft.Web/sites', parameters('sites_ITBaseball_name'))]"
            ]
        },
        {
            "type": "Microsoft.Web/sites/snapshots",
            "apiVersion": "2015-08-01",
            "name": "[concat(parameters('sites_ITBaseball_name'), '/2022-05-12T10_59_20_5197919')]",
            "dependsOn": [
                "[resourceId('Microsoft.Web/sites', parameters('sites_ITBaseball_name'))]"
            ]
        },
        {
            "type": "Microsoft.Web/sites/snapshots",
            "apiVersion": "2015-08-01",
            "name": "[concat(parameters('sites_ITBaseball_name'), '/2022-05-12T11_59_20_8307268')]",
            "dependsOn": [
                "[resourceId('Microsoft.Web/sites', parameters('sites_ITBaseball_name'))]"
            ]
        },
        {
            "type": "Microsoft.Web/sites/snapshots",
            "apiVersion": "2015-08-01",
            "name": "[concat(parameters('sites_ITBaseball_name'), '/2022-05-12T12_59_21_1203764')]",
            "dependsOn": [
                "[resourceId('Microsoft.Web/sites', parameters('sites_ITBaseball_name'))]"
            ]
        },
        {
            "type": "Microsoft.Web/sites/snapshots",
            "apiVersion": "2015-08-01",
            "name": "[concat(parameters('sites_ITBaseball_name'), '/2022-05-12T13_59_21_4183047')]",
            "dependsOn": [
                "[resourceId('Microsoft.Web/sites', parameters('sites_ITBaseball_name'))]"
            ]
        },
        {
            "type": "Microsoft.Web/sites/snapshots",
            "apiVersion": "2015-08-01",
            "name": "[concat(parameters('sites_ITBaseball_name'), '/2022-05-12T14_59_21_7130030')]",
            "dependsOn": [
                "[resourceId('Microsoft.Web/sites', parameters('sites_ITBaseball_name'))]"
            ]
        },
        {
            "type": "Microsoft.Web/sites/snapshots",
            "apiVersion": "2015-08-01",
            "name": "[concat(parameters('sites_ITBaseball_name'), '/2022-05-12T15_59_22_0387975')]",
            "dependsOn": [
                "[resourceId('Microsoft.Web/sites', parameters('sites_ITBaseball_name'))]"
            ]
        },
        {
            "type": "Microsoft.Web/sites/snapshots",
            "apiVersion": "2015-08-01",
            "name": "[concat(parameters('sites_ITBaseball_name'), '/2022-05-12T16_59_22_2935484')]",
            "dependsOn": [
                "[resourceId('Microsoft.Web/sites', parameters('sites_ITBaseball_name'))]"
            ]
        },
        {
            "type": "Microsoft.Web/sites/snapshots",
            "apiVersion": "2015-08-01",
            "name": "[concat(parameters('sites_ITBaseball_name'), '/2022-05-12T17_59_22_5825038')]",
            "dependsOn": [
                "[resourceId('Microsoft.Web/sites', parameters('sites_ITBaseball_name'))]"
            ]
        },
        {
            "type": "Microsoft.Web/sites/snapshots",
            "apiVersion": "2015-08-01",
            "name": "[concat(parameters('sites_ITBaseball_name'), '/2022-05-12T18_59_22_8729949')]",
            "dependsOn": [
                "[resourceId('Microsoft.Web/sites', parameters('sites_ITBaseball_name'))]"
            ]
        },
        {
            "type": "Microsoft.Web/sites/snapshots",
            "apiVersion": "2015-08-01",
            "name": "[concat(parameters('sites_ITBaseball_name'), '/2022-05-12T19_59_23_1899653')]",
            "dependsOn": [
                "[resourceId('Microsoft.Web/sites', parameters('sites_ITBaseball_name'))]"
            ]
        },
        {
            "type": "Microsoft.Web/sites/snapshots",
            "apiVersion": "2015-08-01",
            "name": "[concat(parameters('sites_ITBaseball_name'), '/2022-05-12T20_59_23_5214551')]",
            "dependsOn": [
                "[resourceId('Microsoft.Web/sites', parameters('sites_ITBaseball_name'))]"
            ]
        },
        {
            "type": "Microsoft.Web/sites/snapshots",
            "apiVersion": "2015-08-01",
            "name": "[concat(parameters('sites_ITBaseball_name'), '/2022-05-12T21_59_23_7735820')]",
            "dependsOn": [
                "[resourceId('Microsoft.Web/sites', parameters('sites_ITBaseball_name'))]"
            ]
        },
        {
            "type": "Microsoft.Web/sites/snapshots",
            "apiVersion": "2015-08-01",
            "name": "[concat(parameters('sites_ITBaseball_name'), '/2022-05-12T22_59_24_0511894')]",
            "dependsOn": [
                "[resourceId('Microsoft.Web/sites', parameters('sites_ITBaseball_name'))]"
            ]
        },
        {
            "type": "Microsoft.Web/sites/snapshots",
            "apiVersion": "2015-08-01",
            "name": "[concat(parameters('sites_ITBaseball_name'), '/2022-05-12T23_59_24_3420617')]",
            "dependsOn": [
                "[resourceId('Microsoft.Web/sites', parameters('sites_ITBaseball_name'))]"
            ]
        },
        {
            "type": "Microsoft.Web/sites/snapshots",
            "apiVersion": "2015-08-01",
            "name": "[concat(parameters('sites_ITBaseball_name'), '/2022-05-13T00_59_24_6489153')]",
            "dependsOn": [
                "[resourceId('Microsoft.Web/sites', parameters('sites_ITBaseball_name'))]"
            ]
        },
        {
            "type": "Microsoft.Web/sites/snapshots",
            "apiVersion": "2015-08-01",
            "name": "[concat(parameters('sites_ITBaseball_name'), '/2022-05-13T01_59_24_9329165')]",
            "dependsOn": [
                "[resourceId('Microsoft.Web/sites', parameters('sites_ITBaseball_name'))]"
            ]
        },
        {
            "type": "Microsoft.Web/sites/snapshots",
            "apiVersion": "2015-08-01",
            "name": "[concat(parameters('sites_ITBaseball_name'), '/2022-05-13T02_59_25_2268385')]",
            "dependsOn": [
                "[resourceId('Microsoft.Web/sites', parameters('sites_ITBaseball_name'))]"
            ]
        },
        {
            "type": "Microsoft.Web/sites/snapshots",
            "apiVersion": "2015-08-01",
            "name": "[concat(parameters('sites_ITBaseball_name'), '/2022-05-13T03_59_25_5324751')]",
            "dependsOn": [
                "[resourceId('Microsoft.Web/sites', parameters('sites_ITBaseball_name'))]"
            ]
        },
        {
            "type": "Microsoft.Web/sites/snapshots",
            "apiVersion": "2015-08-01",
            "name": "[concat(parameters('sites_ITBaseball_name'), '/2022-05-13T04_59_25_8044570')]",
            "dependsOn": [
                "[resourceId('Microsoft.Web/sites', parameters('sites_ITBaseball_name'))]"
            ]
        },
        {
            "type": "Microsoft.Web/sites/snapshots",
            "apiVersion": "2015-08-01",
            "name": "[concat(parameters('sites_ITBaseball_name'), '/2022-05-13T05_59_26_0992088')]",
            "dependsOn": [
                "[resourceId('Microsoft.Web/sites', parameters('sites_ITBaseball_name'))]"
            ]
        },
        {
            "type": "Microsoft.Web/sites/snapshots",
            "apiVersion": "2015-08-01",
            "name": "[concat(parameters('sites_ITBaseball_name'), '/2022-05-13T06_59_26_3961160')]",
            "dependsOn": [
                "[resourceId('Microsoft.Web/sites', parameters('sites_ITBaseball_name'))]"
            ]
        },
        {
            "type": "Microsoft.Web/sites/snapshots",
            "apiVersion": "2015-08-01",
            "name": "[concat(parameters('sites_ITBaseball_name'), '/2022-05-13T07_59_26_6798408')]",
            "dependsOn": [
                "[resourceId('Microsoft.Web/sites', parameters('sites_ITBaseball_name'))]"
            ]
        },
        {
            "type": "Microsoft.Web/sites/snapshots",
            "apiVersion": "2015-08-01",
            "name": "[concat(parameters('sites_ITBaseball_name'), '/2022-05-13T08_59_26_9687446')]",
            "dependsOn": [
                "[resourceId('Microsoft.Web/sites', parameters('sites_ITBaseball_name'))]"
            ]
        },
        {
            "type": "Microsoft.Web/sites/snapshots",
            "apiVersion": "2015-08-01",
            "name": "[concat(parameters('sites_ITBaseball_name'), '/2022-05-13T09_59_27_2845705')]",
            "dependsOn": [
                "[resourceId('Microsoft.Web/sites', parameters('sites_ITBaseball_name'))]"
            ]
        },
        {
            "type": "Microsoft.Web/sites/snapshots",
            "apiVersion": "2015-08-01",
            "name": "[concat(parameters('sites_ITBaseball_name'), '/2022-05-13T10_59_27_5755099')]",
            "dependsOn": [
                "[resourceId('Microsoft.Web/sites', parameters('sites_ITBaseball_name'))]"
            ]
        },
        {
            "type": "Microsoft.Web/sites/snapshots",
            "apiVersion": "2015-08-01",
            "name": "[concat(parameters('sites_ITBaseball_name'), '/2022-05-13T11_59_27_8721674')]",
            "dependsOn": [
                "[resourceId('Microsoft.Web/sites', parameters('sites_ITBaseball_name'))]"
            ]
        },
        {
            "type": "Microsoft.Web/sites/snapshots",
            "apiVersion": "2015-08-01",
            "name": "[concat(parameters('sites_ITBaseball_name'), '/2022-05-13T12_59_28_1571125')]",
            "dependsOn": [
                "[resourceId('Microsoft.Web/sites', parameters('sites_ITBaseball_name'))]"
            ]
        },
        {
            "type": "Microsoft.Web/sites/snapshots",
            "apiVersion": "2015-08-01",
            "name": "[concat(parameters('sites_ITBaseball_name'), '/2022-05-13T13_59_28_4420478')]",
            "dependsOn": [
                "[resourceId('Microsoft.Web/sites', parameters('sites_ITBaseball_name'))]"
            ]
        },
        {
            "type": "Microsoft.Web/sites/snapshots",
            "apiVersion": "2015-08-01",
            "name": "[concat(parameters('sites_ITBaseball_name'), '/2022-05-13T14_59_28_7558575')]",
            "dependsOn": [
                "[resourceId('Microsoft.Web/sites', parameters('sites_ITBaseball_name'))]"
            ]
        },
        {
            "type": "Microsoft.Web/sites/snapshots",
            "apiVersion": "2015-08-01",
            "name": "[concat(parameters('sites_ITBaseball_name'), '/2022-05-13T15_59_29_0225494')]",
            "dependsOn": [
                "[resourceId('Microsoft.Web/sites', parameters('sites_ITBaseball_name'))]"
            ]
        },
        {
            "type": "Microsoft.Web/sites/snapshots",
            "apiVersion": "2015-08-01",
            "name": "[concat(parameters('sites_ITBaseball_name'), '/2022-05-13T16_59_29_3255806')]",
            "dependsOn": [
                "[resourceId('Microsoft.Web/sites', parameters('sites_ITBaseball_name'))]"
            ]
        },
        {
            "type": "Microsoft.Web/sites/snapshots",
            "apiVersion": "2015-08-01",
            "name": "[concat(parameters('sites_ITBaseball_name'), '/2022-05-13T17_59_29_6032452')]",
            "dependsOn": [
                "[resourceId('Microsoft.Web/sites', parameters('sites_ITBaseball_name'))]"
            ]
        },
        {
            "type": "Microsoft.Web/sites/snapshots",
            "apiVersion": "2015-08-01",
            "name": "[concat(parameters('sites_ITBaseball_name'), '/2022-05-13T18_59_29_9124471')]",
            "dependsOn": [
                "[resourceId('Microsoft.Web/sites', parameters('sites_ITBaseball_name'))]"
            ]
        },
        {
            "type": "Microsoft.Web/sites/snapshots",
            "apiVersion": "2015-08-01",
            "name": "[concat(parameters('sites_ITBaseball_name'), '/2022-05-13T19_59_30_2069245')]",
            "dependsOn": [
                "[resourceId('Microsoft.Web/sites', parameters('sites_ITBaseball_name'))]"
            ]
        },
        {
            "type": "Microsoft.Web/sites/snapshots",
            "apiVersion": "2015-08-01",
            "name": "[concat(parameters('sites_ITBaseball_name'), '/2022-05-13T20_59_30_4990526')]",
            "dependsOn": [
                "[resourceId('Microsoft.Web/sites', parameters('sites_ITBaseball_name'))]"
            ]
        },
        {
            "type": "Microsoft.Web/sites/snapshots",
            "apiVersion": "2015-08-01",
            "name": "[concat(parameters('sites_ITBaseball_name'), '/2022-05-13T21_59_30_7839380')]",
            "dependsOn": [
                "[resourceId('Microsoft.Web/sites', parameters('sites_ITBaseball_name'))]"
            ]
        },
        {
            "type": "Microsoft.Web/sites/snapshots",
            "apiVersion": "2015-08-01",
            "name": "[concat(parameters('sites_ITBaseball_name'), '/2022-05-13T22_59_31_1118162')]",
            "dependsOn": [
                "[resourceId('Microsoft.Web/sites', parameters('sites_ITBaseball_name'))]"
            ]
        },
        {
            "type": "Microsoft.Web/sites/snapshots",
            "apiVersion": "2015-08-01",
            "name": "[concat(parameters('sites_ITBaseball_name'), '/2022-05-13T23_59_31_4015901')]",
            "dependsOn": [
                "[resourceId('Microsoft.Web/sites', parameters('sites_ITBaseball_name'))]"
            ]
        },
        {
            "type": "Microsoft.Web/sites/snapshots",
            "apiVersion": "2015-08-01",
            "name": "[concat(parameters('sites_ITBaseball_name'), '/2022-05-14T00_59_31_6745498')]",
            "dependsOn": [
                "[resourceId('Microsoft.Web/sites', parameters('sites_ITBaseball_name'))]"
            ]
        },
        {
            "type": "Microsoft.Web/sites/snapshots",
            "apiVersion": "2015-08-01",
            "name": "[concat(parameters('sites_ITBaseball_name'), '/2022-05-14T01_59_32_1592277')]",
            "dependsOn": [
                "[resourceId('Microsoft.Web/sites', parameters('sites_ITBaseball_name'))]"
            ]
        },
        {
            "type": "Microsoft.Web/sites/snapshots",
            "apiVersion": "2015-08-01",
            "name": "[concat(parameters('sites_ITBaseball_name'), '/2022-05-14T02_59_32_4722081')]",
            "dependsOn": [
                "[resourceId('Microsoft.Web/sites', parameters('sites_ITBaseball_name'))]"
            ]
        },
        {
            "type": "Microsoft.Web/sites/snapshots",
            "apiVersion": "2015-08-01",
            "name": "[concat(parameters('sites_ITBaseball_name'), '/2022-05-14T03_59_32_7467361')]",
            "dependsOn": [
                "[resourceId('Microsoft.Web/sites', parameters('sites_ITBaseball_name'))]"
            ]
        },
        {
            "type": "Microsoft.Web/sites/snapshots",
            "apiVersion": "2015-08-01",
            "name": "[concat(parameters('sites_ITBaseball_name'), '/2022-05-14T04_59_33_0618828')]",
            "dependsOn": [
                "[resourceId('Microsoft.Web/sites', parameters('sites_ITBaseball_name'))]"
            ]
        },
        {
            "type": "Microsoft.Web/sites/snapshots",
            "apiVersion": "2015-08-01",
            "name": "[concat(parameters('sites_ITBaseball_name'), '/2022-05-14T05_59_33_3185453')]",
            "dependsOn": [
                "[resourceId('Microsoft.Web/sites', parameters('sites_ITBaseball_name'))]"
            ]
        },
        {
            "type": "Microsoft.Web/sites/snapshots",
            "apiVersion": "2015-08-01",
            "name": "[concat(parameters('sites_ITBaseball_name'), '/2022-05-14T06_59_33_6141973')]",
            "dependsOn": [
                "[resourceId('Microsoft.Web/sites', parameters('sites_ITBaseball_name'))]"
            ]
        },
        {
            "type": "Microsoft.Web/sites/snapshots",
            "apiVersion": "2015-08-01",
            "name": "[concat(parameters('sites_ITBaseball_name'), '/2022-05-14T07_59_33_9112815')]",
            "dependsOn": [
                "[resourceId('Microsoft.Web/sites', parameters('sites_ITBaseball_name'))]"
            ]
        },
        {
            "type": "Microsoft.Web/sites/snapshots",
            "apiVersion": "2015-08-01",
            "name": "[concat(parameters('sites_ITBaseball_name'), '/2022-05-14T08_59_34_2011691')]",
            "dependsOn": [
                "[resourceId('Microsoft.Web/sites', parameters('sites_ITBaseball_name'))]"
            ]
        },
        {
            "type": "Microsoft.Web/sites/snapshots",
            "apiVersion": "2015-08-01",
            "name": "[concat(parameters('sites_ITBaseball_name'), '/2022-05-14T09_59_34_4880581')]",
            "dependsOn": [
                "[resourceId('Microsoft.Web/sites', parameters('sites_ITBaseball_name'))]"
            ]
        },
        {
            "type": "Microsoft.Web/sites/snapshots",
            "apiVersion": "2015-08-01",
            "name": "[concat(parameters('sites_ITBaseball_name'), '/2022-05-14T10_59_34_7729408')]",
            "dependsOn": [
                "[resourceId('Microsoft.Web/sites', parameters('sites_ITBaseball_name'))]"
            ]
        },
        {
            "type": "Microsoft.Web/sites/snapshots",
            "apiVersion": "2015-08-01",
            "name": "[concat(parameters('sites_ITBaseball_name'), '/2022-05-14T11_59_35_0718444')]",
            "dependsOn": [
                "[resourceId('Microsoft.Web/sites', parameters('sites_ITBaseball_name'))]"
            ]
        },
        {
            "type": "Microsoft.Web/sites/snapshots",
            "apiVersion": "2015-08-01",
            "name": "[concat(parameters('sites_ITBaseball_name'), '/2022-05-14T12_59_35_3655117')]",
            "dependsOn": [
                "[resourceId('Microsoft.Web/sites', parameters('sites_ITBaseball_name'))]"
            ]
        },
        {
            "type": "Microsoft.Web/sites/snapshots",
            "apiVersion": "2015-08-01",
            "name": "[concat(parameters('sites_ITBaseball_name'), '/2022-05-14T13_59_35_6535361')]",
            "dependsOn": [
                "[resourceId('Microsoft.Web/sites', parameters('sites_ITBaseball_name'))]"
            ]
        },
        {
            "type": "Microsoft.Web/sites/snapshots",
            "apiVersion": "2015-08-01",
            "name": "[concat(parameters('sites_ITBaseball_name'), '/2022-05-14T14_59_35_9561804')]",
            "dependsOn": [
                "[resourceId('Microsoft.Web/sites', parameters('sites_ITBaseball_name'))]"
            ]
        },
        {
            "type": "Microsoft.Web/sites/snapshots",
            "apiVersion": "2015-08-01",
            "name": "[concat(parameters('sites_ITBaseball_name'), '/2022-05-14T15_59_36_2452198')]",
            "dependsOn": [
                "[resourceId('Microsoft.Web/sites', parameters('sites_ITBaseball_name'))]"
            ]
        },
        {
            "type": "Microsoft.Web/sites/snapshots",
            "apiVersion": "2015-08-01",
            "name": "[concat(parameters('sites_ITBaseball_name'), '/2022-05-14T16_59_36_5054930')]",
            "dependsOn": [
                "[resourceId('Microsoft.Web/sites', parameters('sites_ITBaseball_name'))]"
            ]
        },
        {
            "type": "Microsoft.Web/sites/snapshots",
            "apiVersion": "2015-08-01",
            "name": "[concat(parameters('sites_ITBaseball_name'), '/2022-05-14T17_59_36_8176719')]",
            "dependsOn": [
                "[resourceId('Microsoft.Web/sites', parameters('sites_ITBaseball_name'))]"
            ]
        },
        {
            "type": "Microsoft.Web/sites/snapshots",
            "apiVersion": "2015-08-01",
            "name": "[concat(parameters('sites_ITBaseball_name'), '/2022-05-14T18_59_37_1074375')]",
            "dependsOn": [
                "[resourceId('Microsoft.Web/sites', parameters('sites_ITBaseball_name'))]"
            ]
        },
        {
            "type": "Microsoft.Sql/servers/databases/advancedThreatProtectionSettings",
            "apiVersion": "2021-11-01-preview",
            "name": "[concat(parameters('servers_itbaseballserver_name'), '/ITBaseball2/Default')]",
            "dependsOn": [
                "[resourceId('Microsoft.Sql/servers/databases', parameters('servers_itbaseballserver_name'), 'ITBaseball2')]",
                "[resourceId('Microsoft.Sql/servers', parameters('servers_itbaseballserver_name'))]"
            ],
            "properties": {
                "state": "Disabled"
            }
        },
        {
            "type": "Microsoft.Sql/servers/databases/advisors",
            "apiVersion": "2014-04-01",
            "name": "[concat(parameters('servers_itbaseballserver_name'), '/ITBaseball2/CreateIndex')]",
            "dependsOn": [
                "[resourceId('Microsoft.Sql/servers/databases', parameters('servers_itbaseballserver_name'), 'ITBaseball2')]",
                "[resourceId('Microsoft.Sql/servers', parameters('servers_itbaseballserver_name'))]"
            ],
            "properties": {
                "autoExecuteValue": "Disabled"
            }
        },
        {
            "type": "Microsoft.Sql/servers/databases/advisors",
            "apiVersion": "2014-04-01",
            "name": "[concat(parameters('servers_itbaseballserver_name'), '/ITBaseball2/DbParameterization')]",
            "dependsOn": [
                "[resourceId('Microsoft.Sql/servers/databases', parameters('servers_itbaseballserver_name'), 'ITBaseball2')]",
                "[resourceId('Microsoft.Sql/servers', parameters('servers_itbaseballserver_name'))]"
            ],
            "properties": {
                "autoExecuteValue": "Disabled"
            }
        },
        {
            "type": "Microsoft.Sql/servers/databases/advisors",
            "apiVersion": "2014-04-01",
            "name": "[concat(parameters('servers_itbaseballserver_name'), '/ITBaseball2/DefragmentIndex')]",
            "dependsOn": [
                "[resourceId('Microsoft.Sql/servers/databases', parameters('servers_itbaseballserver_name'), 'ITBaseball2')]",
                "[resourceId('Microsoft.Sql/servers', parameters('servers_itbaseballserver_name'))]"
            ],
            "properties": {
                "autoExecuteValue": "Disabled"
            }
        },
        {
            "type": "Microsoft.Sql/servers/databases/advisors",
            "apiVersion": "2014-04-01",
            "name": "[concat(parameters('servers_itbaseballserver_name'), '/ITBaseball2/DropIndex')]",
            "dependsOn": [
                "[resourceId('Microsoft.Sql/servers/databases', parameters('servers_itbaseballserver_name'), 'ITBaseball2')]",
                "[resourceId('Microsoft.Sql/servers', parameters('servers_itbaseballserver_name'))]"
            ],
            "properties": {
                "autoExecuteValue": "Disabled"
            }
        },
        {
            "type": "Microsoft.Sql/servers/databases/advisors",
            "apiVersion": "2014-04-01",
            "name": "[concat(parameters('servers_itbaseballserver_name'), '/ITBaseball2/ForceLastGoodPlan')]",
            "dependsOn": [
                "[resourceId('Microsoft.Sql/servers/databases', parameters('servers_itbaseballserver_name'), 'ITBaseball2')]",
                "[resourceId('Microsoft.Sql/servers', parameters('servers_itbaseballserver_name'))]"
            ],
            "properties": {
                "autoExecuteValue": "Enabled"
            }
        },
        {
            "type": "Microsoft.Sql/servers/databases/auditingPolicies",
            "apiVersion": "2014-04-01",
            "name": "[concat(parameters('servers_itbaseballserver_name'), '/ITBaseball2/Default')]",
            "location": "East US",
            "dependsOn": [
                "[resourceId('Microsoft.Sql/servers/databases', parameters('servers_itbaseballserver_name'), 'ITBaseball2')]",
                "[resourceId('Microsoft.Sql/servers', parameters('servers_itbaseballserver_name'))]"
            ],
            "properties": {
                "auditingState": "Disabled"
            }
        },
        {
            "type": "Microsoft.Sql/servers/databases/auditingSettings",
            "apiVersion": "2021-11-01-preview",
            "name": "[concat(parameters('servers_itbaseballserver_name'), '/ITBaseball2/Default')]",
            "dependsOn": [
                "[resourceId('Microsoft.Sql/servers/databases', parameters('servers_itbaseballserver_name'), 'ITBaseball2')]",
                "[resourceId('Microsoft.Sql/servers', parameters('servers_itbaseballserver_name'))]"
            ],
            "properties": {
                "retentionDays": 0,
                "isAzureMonitorTargetEnabled": false,
                "state": "Disabled",
                "storageAccountSubscriptionId": "00000000-0000-0000-0000-000000000000"
            }
        },
        {
            "type": "Microsoft.Sql/servers/databases/backupLongTermRetentionPolicies",
            "apiVersion": "2021-11-01-preview",
            "name": "[concat(parameters('servers_itbaseballserver_name'), '/ITBaseball2/default')]",
            "dependsOn": [
                "[resourceId('Microsoft.Sql/servers/databases', parameters('servers_itbaseballserver_name'), 'ITBaseball2')]",
                "[resourceId('Microsoft.Sql/servers', parameters('servers_itbaseballserver_name'))]"
            ],
            "properties": {
                "weeklyRetention": "PT0S",
                "monthlyRetention": "PT0S",
                "yearlyRetention": "PT0S",
                "weekOfYear": 0
            }
        },
        {
            "type": "Microsoft.Sql/servers/databases/backupShortTermRetentionPolicies",
            "apiVersion": "2021-11-01-preview",
            "name": "[concat(parameters('servers_itbaseballserver_name'), '/ITBaseball2/default')]",
            "dependsOn": [
                "[resourceId('Microsoft.Sql/servers/databases', parameters('servers_itbaseballserver_name'), 'ITBaseball2')]",
                "[resourceId('Microsoft.Sql/servers', parameters('servers_itbaseballserver_name'))]"
            ],
            "properties": {
                "retentionDays": 7,
                "diffBackupIntervalInHours": 24
            }
        },
        {
            "type": "Microsoft.Sql/servers/databases/extendedAuditingSettings",
            "apiVersion": "2021-11-01-preview",
            "name": "[concat(parameters('servers_itbaseballserver_name'), '/ITBaseball2/Default')]",
            "dependsOn": [
                "[resourceId('Microsoft.Sql/servers/databases', parameters('servers_itbaseballserver_name'), 'ITBaseball2')]",
                "[resourceId('Microsoft.Sql/servers', parameters('servers_itbaseballserver_name'))]"
            ],
            "properties": {
                "retentionDays": 0,
                "isAzureMonitorTargetEnabled": false,
                "state": "Disabled",
                "storageAccountSubscriptionId": "00000000-0000-0000-0000-000000000000"
            }
        },
        {
            "type": "Microsoft.Sql/servers/databases/geoBackupPolicies",
            "apiVersion": "2014-04-01",
            "name": "[concat(parameters('servers_itbaseballserver_name'), '/ITBaseball2/Default')]",
            "location": "East US",
            "dependsOn": [
                "[resourceId('Microsoft.Sql/servers/databases', parameters('servers_itbaseballserver_name'), 'ITBaseball2')]",
                "[resourceId('Microsoft.Sql/servers', parameters('servers_itbaseballserver_name'))]"
            ],
            "properties": {
                "state": "Enabled"
            }
        },
        {
            "type": "Microsoft.Sql/servers/databases/ledgerDigestUploads",
            "apiVersion": "2021-11-01-preview",
            "name": "[concat(parameters('servers_itbaseballserver_name'), '/ITBaseball2/Current')]",
            "dependsOn": [
                "[resourceId('Microsoft.Sql/servers/databases', parameters('servers_itbaseballserver_name'), 'ITBaseball2')]",
                "[resourceId('Microsoft.Sql/servers', parameters('servers_itbaseballserver_name'))]"
            ],
            "properties": {}
        },
        {
            "type": "Microsoft.Sql/servers/databases/securityAlertPolicies",
            "apiVersion": "2021-11-01-preview",
            "name": "[concat(parameters('servers_itbaseballserver_name'), '/ITBaseball2/Default')]",
            "dependsOn": [
                "[resourceId('Microsoft.Sql/servers/databases', parameters('servers_itbaseballserver_name'), 'ITBaseball2')]",
                "[resourceId('Microsoft.Sql/servers', parameters('servers_itbaseballserver_name'))]"
            ],
            "properties": {
                "state": "Disabled",
                "disabledAlerts": [
                    ""
                ],
                "emailAddresses": [
                    ""
                ],
                "emailAccountAdmins": false,
                "retentionDays": 0
            }
        },
        {
            "type": "Microsoft.Sql/servers/databases/transparentDataEncryption",
            "apiVersion": "2021-11-01-preview",
            "name": "[concat(parameters('servers_itbaseballserver_name'), '/ITBaseball2/Current')]",
            "dependsOn": [
                "[resourceId('Microsoft.Sql/servers/databases', parameters('servers_itbaseballserver_name'), 'ITBaseball2')]",
                "[resourceId('Microsoft.Sql/servers', parameters('servers_itbaseballserver_name'))]"
            ],
            "properties": {
                "state": "Enabled"
            }
        },
        {
            "type": "Microsoft.Sql/servers/databases/vulnerabilityAssessments",
            "apiVersion": "2021-11-01-preview",
            "name": "[concat(parameters('servers_itbaseballserver_name'), '/ITBaseball2/Default')]",
            "dependsOn": [
                "[resourceId('Microsoft.Sql/servers/databases', parameters('servers_itbaseballserver_name'), 'ITBaseball2')]",
                "[resourceId('Microsoft.Sql/servers', parameters('servers_itbaseballserver_name'))]"
            ],
            "properties": {
                "recurringScans": {
                    "isEnabled": false,
                    "emailSubscriptionAdmins": true
                }
            }
        },
        {
            "type": "Microsoft.Storage/storageAccounts/fileServices/shares",
            "apiVersion": "2021-09-01",
            "name": "[concat(parameters('storageAccounts_storagetk1331_name'), '/default/filetk')]",
            "dependsOn": [
                "[resourceId('Microsoft.Storage/storageAccounts/fileServices', parameters('storageAccounts_storagetk1331_name'), 'default')]",
                "[resourceId('Microsoft.Storage/storageAccounts', parameters('storageAccounts_storagetk1331_name'))]"
            ],
            "properties": {
                "accessTier": "TransactionOptimized",
                "shareQuota": 6,
                "enabledProtocols": "SMB"
            }
        }
    ]
}